method,auroc,auprc,threshold,precision,recall,f1,accuracy,tn,fp,fn,tp,pa_precision,pa_recall,pa_f1,pa_accuracy,pa_tn,pa_fp,pa_fn,pa_tp
Autoencoder,0.9469517992349535,0.5644903154036597,0.013954897141084072,0.13730886850152904,1.0,0.2414627588061307,0.40367812852311163,8764,16926,0,2694,0.13730886850152904,1.0,0.2414627588061307,0.40367812852311163,8764,16926,0,2694
MANTIS zero-shot,0.7806724384710282,0.30751988135591996,1.4585561674833296,0.2872274143302181,0.5133630289532294,0.3683579704354774,0.8328988162344984,22258,3432,1311,1383,0.4391240398757967,0.9974016332590943,0.6097810053330307,0.8788401916572717,22258,3432,7,2687
