method,auroc,auprc,threshold,precision,recall,f1,accuracy,tn,fp,fn,tp,pa_precision,pa_recall,pa_f1,pa_accuracy,pa_tn,pa_fp,pa_fn,pa_tp
MANTIS raw 9728-D,0.8319324433316775,0.3273035186528992,1.1723131370407842,0.3144611186903138,0.6844840386043058,0.4309418088338397,0.828424464487035,21670,4020,850,1844,0.40125111706881145,1.0,0.5727040816326531,0.8583709131905298,21670,4020,0,2694
